event_time,event_type,product_id,category_id,category_code,brand,price,user_id,user_session
2023-11-20 08:00:00 UTC,view,1004249,2053013555631882655,electronics.smartphone,apple,25000000.00,512369012,dfdldsf-343-4fds
2023-11-20 08:00:05 UTC,view,1004249,2053013555631882655,electronics.smartphone,apple,25000000.00,512369012,dfdldsf-343-4fds
2023-11-20 08:00:10 UTC,cart,1004249,2053013555631882655,electronics.smartphone,apple,25000000.00,512369012,dfdldsf-343-4fds
2023-11-20 08:00:15 UTC,purchase,1004249,2053013555631882655,electronics.smartphone,apple,25000000.00,512369012,dfdldsf-343-4fds
2023-11-20 08:01:00 UTC,view,1005115,2053013555631882655,electronics.smartphone,apple,35000000.00,432543534,fjsdklf-234-sdfs
2023-11-20 08:02:12 UTC,view,1002544,2053013555631882655,electronics.smartphone,samsung,15000000.00,234234234,sdgsd-234-dfsf
2023-11-20 08:02:22 UTC,cart,1002544,2053013555631882655,electronics.smartphone,samsung,15000000.00,234234234,sdgsd-234-dfsf
2023-11-20 08:03:00 UTC,view,4562311,2053013555631882655,appliances.kitchen.refrigerators,LG,45000000.00,999333222,hjkhjk-234-hjkh
2023-11-20 08:04:00 UTC,purchase,1002544,2053013555631882655,electronics.smartphone,samsung,15000000.00,234234234,sdgsd-234-dfsf
2023-11-20 08:05:00 UTC,view,1307067,2053013558920217191,computers.notebook,lenovo,18000000.00,111222333,dfgdfg-456-dfgd
2023-11-20 08:05:15 UTC,cart,1307067,2053013558920217191,computers.notebook,lenovo,18000000.00,111222333,dfgdfg-456-dfgd
2023-11-20 08:05:30 UTC,purchase,1307067,2053013558920217191,computers.notebook,lenovo,18000000.00,111222333,dfgdfg-456-dfgd
2023-11-20 08:06:00 UTC,view,1480613,2053013561092866779,computers.desktop,hp,12000000.00,444555666,zxczxc-123-zxcz
2023-11-20 08:07:00 UTC,view,1803560,2053013554415534427,electronics.television,sony,85000000.00,777888999,qweqwe-789-qweq
2023-11-20 08:08:05 UTC,cart,1803560,2053013554415534427,electronics.television,sony,85000000.00,777888999,qweqwe-789-qweq
2023-11-20 08:09:10 UTC,purchase,1803560,2053013554415534427,electronics.television,sony,85000000.00,777888999,qweqwe-789-qweq
2023-11-20 08:10:00 UTC,view,2702277,2053013563911439225,appliances.environment.air_conditioner,daikin,19000000.00,222333444,rtyrty-456-rtyr
2023-11-20 08:10:15 UTC,cart,2702277,2053013563911439225,appliances.environment.air_conditioner,daikin,19000000.00,222333444,rtyrty-456-rtyr
2023-11-20 08:10:30 UTC,purchase,2702277,2053013563911439225,appliances.environment.air_conditioner,daikin,19000000.00,222333444,rtyrty-456-rtyr
2023-11-20 08:11:00 UTC,view,5100816,2053013553375346967,electronics.audio.headphone,jabra,4500000.00,555666777,vbnvbn-123-vbnv
2023-11-20 08:12:00 UTC,view,1005115,2053013555631882655,electronics.smartphone,apple,35000000.00,888999000,uiouio-789-uiou
2023-11-20 08:12:30 UTC,cart,1005115,2053013555631882655,electronics.smartphone,apple,35000000.00,888999000,uiouio-789-uiou
2023-11-20 08:13:00 UTC,purchase,1005115,2053013555631882655,electronics.smartphone,apple,35000000.00,888999000,uiouio-789-uiou
2023-11-20 08:14:00 UTC,view,1005239,2053013555631882655,electronics.smartphone,xiaomi,9000000.00,123123123,lkjlkj-456-lkjl
2023-11-20 08:15:00 UTC,view,1004249,2053013555631882655,electronics.smartphone,apple,25000000.00,345345345,mnbmnb-123-mnbm
2023-11-20 08:16:00 UTC,purchase,1480613,2053013561092866779,computers.desktop,hp,12000000.00,444555666,zxczxc-123-zxcz
2023-11-20 08:17:00 UTC,view,9999999,2053013561092866779,jewelry.diamond,cartier,150000000.00,111111111,xxxxxx-123-xxxx
2023-11-20 08:18:00 UTC,cart,9999999,2053013561092866779,jewelry.diamond,cartier,150000000.00,111111111,xxxxxx-123-xxxx
2023-11-20 08:19:00 UTC,purchase,9999999,2053013561092866779,jewelry.diamond,cartier,150000000.00,111111111,xxxxxx-123-xxxx
